manufacturer_name,model_name,generation_order,generation_name_ko,generation_name_en,generation_code,platform_code,start_year,start_month,end_year,end_month,model_year_start_year,model_year_end_year,display_period,is_current,is_upcoming,market_region,source_name,source_url,source_status,confidence_score,is_selectable
현대,베뉴,1,공식 라인업,Official lineup,,,2026,,,,2026,2026,2026~현재,true,false,KR,Hyundai Motor Korea official Venue model page,https://www.hyundai.com/kr/ko/e/vehicles/venue/intro,pending_review,0.62
현대,캐스퍼 Electric,1,공식 라인업,Official lineup,,,2026,,,,2026,2026,2026~현재,true,false,KR,Hyundai Casper official CASPER Electric page,https://casper.hyundai.com/vehicles/electric/highlight,pending_review,0.64
현대,아이오닉 5 N,1,공식 라인업,Official lineup,,,2026,,,,2026,2026,2026~현재,true,false,KR,Hyundai Motor Korea official IONIQ 5 N model page,https://www.hyundai.com/kr/ko/e/vehicles/ioniq5-n/intro,pending_review,0.62
현대,아이오닉 6 N,1,공식 라인업,Official lineup,,,2026,,,,2026,2026,2026~현재,true,false,KR,Hyundai Motor Korea official IONIQ 6 N model page,https://www.hyundai.com/kr/ko/e/vehicles/ioniq6-n/intro,pending_review,0.62
현대,아이오닉 9,1,공식 라인업,Official lineup,,,2026,,,,2026,2026,2026~현재,true,false,KR,Hyundai Motor Korea official IONIQ 9 model page,https://www.hyundai.com/kr/ko/e/vehicles/ioniq9/intro,pending_review,0.62
현대,넥쏘,1,공식 라인업,Official lineup,,,2026,,,,2026,2026,2026~현재,true,false,KR,Hyundai Motor Korea official all-new NEXO model page,https://www.hyundai.com/kr/ko/e/vehicles/the-all-new-nexo/intro,pending_review,0.62
현대,스타리아 Electric,1,공식 라인업,Official lineup,,,2026,,,,2026,2026,2026~현재,true,false,KR,Hyundai Motor Korea official STARIA Electric model page,https://www.hyundai.com/kr/ko/e/vehicles/the-new-staria-electric/intro,pending_review,0.62
현대,ST1,1,공식 라인업,Official lineup,,,2026,,,,2026,2026,2026~현재,true,false,KR,Hyundai Motor Korea official ST1 model page,https://www.hyundai.com/kr/ko/e/vehicles/st1/intro,pending_review,0.62
기아,EV4,1,공식 라인업,Official lineup,,,2026,,,,2026,2026,2026~현재,true,false,KR,Kia Korea official EV4 model page,https://www.kia.com/kr/vehicles/ev4/features,pending_review,0.64
기아,EV5,1,공식 라인업,Official lineup,,,2026,,,,2026,2026,2026~현재,true,false,KR,Kia Korea official EV5 model page,https://www.kia.com/kr/vehicles/ev5/features,pending_review,0.64
기아,PV5,1,공식 라인업,Official lineup,,,2026,,,,2026,2026,2026~현재,true,false,KR,Kia Korea official EV/PBV lineup page,https://www.kia.com/kr/vehicles/kia-ev/vehicles/ev-line-up,pending_review,0.62
기아,타스만,1,공식 라인업,Official lineup,,,2026,,,,2026,2026,2026~현재,true,false,KR,Kia Korea official Tasman model page,https://www.kia.com/kr/vehicles/tasman/features,pending_review,0.64
폭스바겐,Golf GTI,1,공식 라인업,Official lineup,,,2026,,,,2026,2026,2026~현재,true,false,KR,Volkswagen Korea official model lineup,https://www.volkswagen.co.kr/ko.html,pending_review,0.62
폭스바겐,Atlas,1,공식 라인업,Official lineup,,,2026,,,,2026,2026,2026~현재,true,false,KR,Volkswagen Korea official model lineup,https://www.volkswagen.co.kr/ko.html,pending_review,0.62
폭스바겐,ID.5,1,공식 라인업,Official lineup,,,2026,,,,2026,2026,2026~현재,true,false,KR,Volkswagen Korea official ID. model page,https://www.volkswagen.co.kr/ko/electriccar/models.html,pending_review,0.64
렉서스,LC,1,공식 모델 페이지,Official model page,,,2026,,,,2026,2026,2026~현재,true,false,KR,Lexus Korea official LC 500 model page,https://www.lexus.co.kr/models/LC-500/,pending_review,0.58
렉서스,RC,1,공식 모델 페이지,Official model page,,,2026,,,,2026,2026,2026~현재,true,false,KR,Lexus Korea official RC 300 F SPORT model page,https://www.lexus.co.kr/models/RC-300-F-SPORT/,pending_review,0.56
메르세데스-벤츠,S-Class Long,1,공식 라인업,Official lineup,,,2026,,,,2026,2026,2026~현재,true,false,KR,Mercedes-Benz Korea official model overview,https://www.mercedes-benz.co.kr/passengercars/models.html,pending_review,0.62
메르세데스-벤츠,Mercedes-Maybach S-Class,1,공식 라인업,Official lineup,,,2026,,,,2026,2026,2026~현재,true,false,KR,Mercedes-Benz Korea official model overview,https://www.mercedes-benz.co.kr/passengercars/models.html,pending_review,0.62
메르세데스-벤츠,EQE SUV,1,공식 라인업,Official lineup,,,2026,,,,2026,2026,2026~현재,true,false,KR,Mercedes-Benz Korea official model overview,https://www.mercedes-benz.co.kr/passengercars/models.html,pending_review,0.62
메르세데스-벤츠,Mercedes-Maybach EQS SUV,1,공식 라인업,Official lineup,,,2026,,,,2026,2026,2026~현재,true,false,KR,Mercedes-Benz Korea official model overview,https://www.mercedes-benz.co.kr/passengercars/models.html,pending_review,0.62
메르세데스-벤츠,GLB,1,공식 라인업,Official lineup,,,2026,,,,2026,2026,2026~현재,true,false,KR,Mercedes-Benz Korea official model overview,https://www.mercedes-benz.co.kr/passengercars/models.html,pending_review,0.62
메르세데스-벤츠,GLC Coupé,1,공식 라인업,Official lineup,,,2026,,,,2026,2026,2026~현재,true,false,KR,Mercedes-Benz Korea official model overview,https://www.mercedes-benz.co.kr/passengercars/models.html,pending_review,0.62
메르세데스-벤츠,GLE Coupé,1,공식 라인업,Official lineup,,,2026,,,,2026,2026,2026~현재,true,false,KR,Mercedes-Benz Korea official model overview,https://www.mercedes-benz.co.kr/passengercars/models.html,pending_review,0.62
메르세데스-벤츠,Mercedes-Maybach GLS,1,공식 라인업,Official lineup,,,2026,,,,2026,2026,2026~현재,true,false,KR,Mercedes-Benz Korea official model overview,https://www.mercedes-benz.co.kr/passengercars/models.html,pending_review,0.62
메르세데스-벤츠,G-Class,1,공식 라인업,Official lineup,,,2026,,,,2026,2026,2026~현재,true,false,KR,Mercedes-Benz Korea official model overview,https://www.mercedes-benz.co.kr/passengercars/models.html,pending_review,0.62
메르세데스-벤츠,CLA Coupé,1,공식 라인업,Official lineup,,,2026,,,,2026,2026,2026~현재,true,false,KR,Mercedes-Benz Korea official model overview,https://www.mercedes-benz.co.kr/passengercars/models.html,pending_review,0.62
메르세데스-벤츠,CLE Coupé,1,공식 라인업,Official lineup,,,2026,,,,2026,2026,2026~현재,true,false,KR,Mercedes-Benz Korea official model overview,https://www.mercedes-benz.co.kr/passengercars/models.html,pending_review,0.62
메르세데스-벤츠,Mercedes-AMG GT Coupé,1,공식 라인업,Official lineup,,,2026,,,,2026,2026,2026~현재,true,false,KR,Mercedes-Benz Korea official model overview,https://www.mercedes-benz.co.kr/passengercars/models.html,pending_review,0.62
메르세데스-벤츠,Mercedes-AMG GT 4-Door Coupé,1,공식 라인업,Official lineup,,,2026,,,,2026,2026,2026~현재,true,false,KR,Mercedes-Benz Korea official model overview,https://www.mercedes-benz.co.kr/passengercars/models.html,pending_review,0.62
메르세데스-벤츠,CLE Cabriolet,1,공식 라인업,Official lineup,,,2026,,,,2026,2026,2026~현재,true,false,KR,Mercedes-Benz Korea official model overview,https://www.mercedes-benz.co.kr/passengercars/models.html,pending_review,0.62
메르세데스-벤츠,SL Roadster,1,공식 라인업,Official lineup,,,2026,,,,2026,2026,2026~현재,true,false,KR,Mercedes-Benz Korea official model overview,https://www.mercedes-benz.co.kr/passengercars/models.html,pending_review,0.62
메르세데스-벤츠,Mercedes-Maybach SL Monogram Series,1,공식 라인업,Official lineup,,,2026,,,,2026,2026,2026~현재,true,false,KR,Mercedes-Benz Korea official model overview,https://www.mercedes-benz.co.kr/passengercars/models.html,pending_review,0.62
아우디,e-tron GT,1,공식 라인업,Official lineup,,,2026,,,,2026,2026,2026~현재,true,false,KR,Audi Korea official model overview,https://www.audi.co.kr/ko/models/,pending_review,0.62
아우디,A6 e-tron,1,공식 라인업,Official lineup,,,2026,,,,2026,2026,2026~현재,true,false,KR,Audi Korea official model overview,https://www.audi.co.kr/ko/models/,pending_review,0.62
아우디,Q6 e-tron,1,공식 라인업,Official lineup,,,2026,,,,2026,2026,2026~현재,true,false,KR,Audi Korea official model overview,https://www.audi.co.kr/ko/models/,pending_review,0.62
볼보,EX30 Cross Country,1,공식 라인업,Official lineup,,,2025,,,,2025,2026,2025~현재,true,false,KR,Volvo Cars Korea official EX30 Cross Country launch,https://www.volvocars.com/kr/news/culture/20250904-Launch-of-the-EX30-Cross-Country/,pending_review,0.66
볼보,ES90,1,공식 라인업,Official lineup,,,2026,,,,2026,2026,2026~현재,true,false,KR,Volvo Cars Korea official ES90 preorder notice,https://www.volvocars.com/kr/news/culture/20260611-Volvo-Car-Opens-ES90-Pre-Orders/,pending_review,0.64
MINI,MINI Cooper 5-Door,1,공식 라인업,Official lineup,,,2026,,,,2026,2026,2026~현재,true,false,KR,MINI Korea official model range,https://www.mini.co.kr/ko_KR/home.html,pending_review,0.62
MINI,All-Electric MINI Cooper,1,공식 라인업,Official lineup,,,2026,,,,2026,2026,2026~현재,true,false,KR,MINI Korea official model range,https://www.mini.co.kr/ko_KR/home.html,pending_review,0.62
MINI,All-Electric MINI Countryman,1,공식 라인업,Official lineup,,,2026,,,,2026,2026,2026~현재,true,false,KR,MINI Korea official model range,https://www.mini.co.kr/ko_KR/home.html,pending_review,0.62
MINI,John Cooper Works,1,공식 라인업,Official lineup,,,2026,,,,2026,2026,2026~현재,true,false,KR,MINI Korea official John Cooper Works page,https://www.mini.co.kr/ko_KR/home/range/john-cooper-works.html,pending_review,0.62
BMW,X2,1,공식 라인업,Official lineup,,,2026,,,,2026,2026,2026~현재,true,false,KR,BMW Korea official model lineup,https://www.bmw.co.kr/ko/all-models.html,pending_review,0.62
BMW,X4,1,공식 라인업,Official lineup,,,2026,,,,2026,2026,2026~현재,true,false,KR,BMW Korea official model lineup,https://www.bmw.co.kr/ko/all-models.html,pending_review,0.62
BMW,X6,1,공식 라인업,Official lineup,,,2026,,,,2026,2026,2026~현재,true,false,KR,BMW Korea official model lineup,https://www.bmw.co.kr/ko/all-models.html,pending_review,0.62
BMW,XM,1,공식 라인업,Official lineup,,,2026,,,,2026,2026,2026~현재,true,false,KR,BMW Korea official model lineup,https://www.bmw.co.kr/ko/all-models.html,pending_review,0.62
BMW,Z4,1,공식 라인업,Official lineup,,,2026,,,,2026,2026,2026~현재,true,false,KR,BMW Korea official model lineup,https://www.bmw.co.kr/ko/all-models.html,pending_review,0.62
BMW,i7,1,공식 라인업,Official lineup,,,2026,,,,2026,2026,2026~현재,true,false,KR,BMW Korea official model lineup,https://www.bmw.co.kr/ko/all-models.html,pending_review,0.62
BMW,iX1,1,공식 라인업,Official lineup,,,2026,,,,2026,2026,2026~현재,true,false,KR,BMW Korea official model lineup,https://www.bmw.co.kr/ko/all-models.html,pending_review,0.62
BMW,iX2,1,공식 라인업,Official lineup,,,2026,,,,2026,2026,2026~현재,true,false,KR,BMW Korea official model lineup,https://www.bmw.co.kr/ko/all-models.html,pending_review,0.62
BMW,i3,1,공식 라인업,Official lineup,,,2026,,,,2026,2026,2026~현재,true,false,KR,BMW Korea official model lineup,https://www.bmw.co.kr/ko/all-models.html,pending_review,0.62
BMW,2시리즈 그란 쿠페,1,공식 라인업,Official lineup,,,2026,,,,2026,2026,2026~현재,true,false,KR,BMW Korea official model lineup,https://www.bmw.co.kr/ko/all-models.html,pending_review,0.62
BMW,8시리즈,1,공식 라인업,Official lineup,,,2026,,,,2026,2026,2026~현재,true,false,KR,BMW Korea official model lineup,https://www.bmw.co.kr/ko/all-models.html,pending_review,0.62
BMW,M2,1,공식 라인업,Official lineup,,,2026,,,,2026,2026,2026~현재,true,false,KR,BMW Korea official model lineup,https://www.bmw.co.kr/ko/all-models.html,pending_review,0.62
BMW,M3,1,공식 라인업,Official lineup,,,2026,,,,2026,2026,2026~현재,true,false,KR,BMW Korea official model lineup,https://www.bmw.co.kr/ko/all-models.html,pending_review,0.62
BMW,M4,1,공식 라인업,Official lineup,,,2026,,,,2026,2026,2026~현재,true,false,KR,BMW Korea official model lineup,https://www.bmw.co.kr/ko/all-models.html,pending_review,0.62
BMW,M5,1,공식 라인업,Official lineup,,,2026,,,,2026,2026,2026~현재,true,false,KR,BMW Korea official model lineup,https://www.bmw.co.kr/ko/all-models.html,pending_review,0.62
BMW,M8,1,공식 라인업,Official lineup,,,2026,,,,2026,2026,2026~현재,true,false,KR,BMW Korea official model lineup,https://www.bmw.co.kr/ko/all-models.html,pending_review,0.62
BMW,X5 M,1,공식 라인업,Official lineup,,,2026,,,,2026,2026,2026~현재,true,false,KR,BMW Korea official model lineup,https://www.bmw.co.kr/ko/all-models.html,pending_review,0.62
BMW,X6 M,1,공식 라인업,Official lineup,,,2026,,,,2026,2026,2026~현재,true,false,KR,BMW Korea official model lineup,https://www.bmw.co.kr/ko/all-models.html,pending_review,0.62
현대,아반떼,7,7세대,Seventh generation,CN7,,2020,4,,,2020,2026,2020.4~현재,true,false,KR,,,unverified,0.35
현대,아이오닉 5,1,1세대,First generation,NE/NE PE,E-GMP,2021,2,,,2021,2026,2021.2~현재,true,false,KR,Hyundai Motor IONIQ 5 world premiere,https://www.hyundai.com/worldwide/en/newsroom/detail/hyundai-ioniq-5-redefines-electric-mobility-lifestyle-0000000551,verified_admin,0.76
현대,아이오닉 6,1,1세대,First generation,CE/CE PE,E-GMP,2022,7,,,2022,2026,2022.7~현재,true,false,KR,Hyundai Motor IONIQ 6 world premiere,https://www.hyundai.com/worldwide/en/newsroom/detail/hyundai-motor-debuts-ioniq-6-electrified-streamliner-with-610km-range-and-innovative-personal-space--0000016850,verified_admin,0.76
현대,쏘나타,7,7세대,Seventh generation,LF/LF PE,LF,2014,,2019,,2015,2018,2014~2019,false,false,KR,Hyundai Motor model history and software version list,https://www.hyundai.com/kr/ko/brand/brandstory/model/sonata-history,verified_admin,0.76
현대,쏘나타,8,8세대,Eighth generation,DN8/DN8 PE,DN8,2019,,,,2019,2026,2019~현재,true,false,KR,Hyundai Motor model history and software version list,https://www.hyundai.com/kr/ko/brand/brandstory/model/sonata-history,verified_admin,0.76
현대,그랜저,5,5세대,Fifth generation,HG,HG,2011,,2016,,2015,2016,2011~2016,false,false,KR,Hyundai Motor model history and software version list,https://www.hyundai.com/kr/ko/brand/brandstory/model/grandeur-history,verified_admin,0.76
현대,그랜저,6,6세대,Sixth generation,IG/IG PE,IG,2016,,2022,,2017,2022,2016~2022,false,false,KR,Hyundai Motor model history and software version list,https://www.hyundai.com/kr/ko/brand/brandstory/model/grandeur-history,verified_admin,0.76
현대,그랜저,7,7세대,Seventh generation,GN7,GN7,2022,,,,2023,2026,2022~현재,true,false,KR,Hyundai Motor model history and software version list,https://www.hyundai.com/kr/ko/brand/brandstory/model/grandeur-history,verified_admin,0.76
현대,투싼,3,3세대,Third generation,TL/TL PE,TL,2015,,2020,,2015,2019,2015~2020,false,false,KR,Hyundai Motor model history and software version list,https://www.hyundai.com/kr/ko/brand/brandstory/model/tucson-history,verified_admin,0.76
현대,투싼,4,4세대,Fourth generation,NX4/NX4 PE,NX4,2020,,,,2020,2026,2020~현재,true,false,KR,Hyundai Motor model history and software version list,https://www.hyundai.com/kr/ko/brand/brandstory/model/tucson-history,verified_admin,0.76
현대,싼타페,3,3세대,Third generation,DM/DM PE,DM,2012,,2018,,2015,2017,2012~2018,false,false,KR,Hyundai Motor model history and software version list,https://www.hyundai.com/kr/ko/brand/brandstory/model/santafe-history,verified_admin,0.76
현대,싼타페,4,4세대,Fourth generation,TM/TM PE,TM,2018,,2023,,2018,2022,2018~2023,false,false,KR,Hyundai Motor model history and software version list,https://www.hyundai.com/kr/ko/brand/brandstory/model/santafe-history,verified_admin,0.76
현대,싼타페,5,5세대,Fifth generation,MX5,MX5,2023,,,,2023,2026,2023~현재,true,false,KR,Hyundai Motor model history and software version list,https://www.hyundai.com/kr/ko/brand/brandstory/model/santafe-history,verified_admin,0.76
현대,아반떼 N,1,1세대,First generation,CN7 N/CN7 N PE,CN7,2021,,,,2021,2026,2021~현재,true,false,KR,Hyundai Motor model history and software version list,https://www.hyundai.com/kr/ko/brand/brandstory/model/avante-history,verified_admin,0.72
현대,아반떼 스포츠,1,AD 스포츠,Avante Sport,AD Sport,AD,2016,,2018,,2016,2018,2016~2018,false,false,KR,Hyundai Motor model history and software version list,https://update.hyundai.com/KR/KO/updateNoticeView/software-version,pending_review,0.58
현대,코나,1,1세대,First generation,OS/OS PE,OS,2017,,2023,,2017,2022,2017~2023,false,false,KR,Hyundai Motor model history and software version list,https://www.hyundai.com/kr/ko/brand/brandstory/model/kona-history,verified_admin,0.72
현대,코나,2,2세대,Second generation,SX2/SX2 PE,SX2,2023,,,,2023,2026,2023~현재,true,false,KR,Hyundai Motor model history and software version list,https://www.hyundai.com/kr/ko/brand/brandstory/model/kona-history,verified_admin,0.72
현대,팰리세이드,1,1세대,First generation,LX2/LX2 PE,LX2,2018,,2024,,2019,2024,2018~2024,false,false,KR,Hyundai Motor model history and software version list,https://www.hyundai.com/kr/ko/brand/brandstory/model/palisade-history,verified_admin,0.72
현대,팰리세이드,2,2세대,Second generation,LX3,LX3,2025,1,,,2025,2026,2025.1~현재,true,false,KR,Hyundai Motor model history and software version list,https://www.hyundai.com/kr/ko/e/vehicles/the-all-new-palisade/intro,verified_admin,0.72
현대,캐스퍼,1,1세대,First generation,AX1/AX1 PE,AX1,2021,,,,2021,2026,2021~현재,true,false,KR,Hyundai Motor model history and software version list,https://www.hyundai.com/kr/ko/brand/brandstory/model/casper-history,verified_admin,0.72
현대,스타리아,1,1세대,First generation,US4/US4 PE,US4,2021,,,,2021,2026,2021~현재,true,false,KR,Hyundai Motor model history and software version list,https://www.hyundai.com/kr/ko/brand/brandstory/model/staria-history,verified_admin,0.72
현대,포터,4,포터 II,Porter II,HR/HR PE,HR,2004,,,,2015,2026,2004~현재,true,false,KR,Hyundai Motor model history and software version list,https://www.hyundai.com/kr/ko/brand/brandstory/model/porter-history,verified_admin,0.72
기아,K5,2,2세대,Second generation,JF/JF PE,JF,2015,,2019,,2015,2018,2015~2019,false,false,KR,Kia software version list,https://update.kia.com/KR/KO/updateNoticeView/software-version,verified_admin,0.74
기아,K5,3,3세대,Third generation,DL3/DL3 PE,DL3,2019,,,,2019,2026,2019~현재,true,false,KR,Kia software version list,https://update.kia.com/KR/KO/updateNoticeView/software-version,verified_admin,0.74
기아,K8,1,1세대,First generation,GL3/GL3 PE,GL3,2021,,,,2021,2026,2021~현재,true,false,KR,Kia software version list,https://update.kia.com/KR/KO/updateNoticeView/software-version,verified_admin,0.74
기아,K9,1,1세대,First generation,KH/KH PE,KH,2012,,2018,,2015,2017,2012~2018,false,false,KR,Kia software version list,https://update.kia.com/KR/KO/updateNoticeView/software-version,verified_admin,0.74
기아,K9,2,2세대,Second generation,RJ/RJ PE,RJ,2018,,,,2018,2026,2018~현재,true,false,KR,Kia software version list,https://update.kia.com/KR/KO/updateNoticeView/software-version,verified_admin,0.74
기아,모닝,2,2세대,Second generation,TA/TA PE,TA,2011,,2017,,2015,2016,2011~2017,false,false,KR,Kia software version list,https://update.kia.com/KR/KO/updateNoticeView/software-version,verified_admin,0.74
기아,모닝,3,3세대,Third generation,JA/JA PE,JA,2017,,,,2017,2026,2017~현재,true,false,KR,Kia software version list,https://update.kia.com/KR/KO/updateNoticeView/software-version,verified_admin,0.74
기아,레이,1,1세대,First generation,TAM/TAM PE,TAM,2011,,,,2015,2026,2011~현재,true,false,KR,Kia software version list,https://update.kia.com/KR/KO/updateNoticeView/software-version,verified_admin,0.74
기아,셀토스,1,1세대,First generation,SP2/SP2 PE,SP2,2019,,,,2019,2026,2019~현재,true,false,KR,Kia software version list,https://update.kia.com/KR/KO/updateNoticeView/software-version,verified_admin,0.74
기아,니로,1,1세대,First generation,DE/DE PE,DE,2016,,2021,,2016,2021,2016~2021,false,false,KR,Kia software version list,https://update.kia.com/KR/KO/updateNoticeView/software-version,verified_admin,0.74
기아,니로,2,2세대,Second generation,SG2/SG2 PE,SG2,2022,,,,2022,2026,2022~현재,true,false,KR,Kia software version list,https://update.kia.com/KR/KO/updateNoticeView/software-version,verified_admin,0.74
기아,스포티지,4,4세대,Fourth generation,QL/QL PE,QL,2015,,2021,,2015,2021,2015~2021,false,false,KR,Kia software version list,https://update.kia.com/KR/KO/updateNoticeView/software-version,verified_admin,0.74
기아,스포티지,5,5세대,Fifth generation,NQ5/NQ5 PE,NQ5,2021,,,,2022,2026,2021~현재,true,false,KR,Kia software version list,https://update.kia.com/KR/KO/updateNoticeView/software-version,verified_admin,0.74
기아,쏘렌토,3,3세대,Third generation,UM/UM PE,UM,2014,,2020,,2015,2019,2014~2020,false,false,KR,Kia software version list,https://update.kia.com/KR/KO/updateNoticeView/software-version,verified_admin,0.74
기아,쏘렌토,4,4세대,Fourth generation,MQ4/MQ4 PE,MQ4,2020,,,,2020,2026,2020~현재,true,false,KR,Kia software version list,https://update.kia.com/KR/KO/updateNoticeView/software-version,verified_admin,0.74
기아,카니발,3,3세대,Third generation,YP/YP PE,YP,2014,,2020,,2015,2020,2014~2020,false,false,KR,Kia software version list,https://update.kia.com/KR/KO/updateNoticeView/software-version,verified_admin,0.74
기아,카니발,4,4세대,Fourth generation,KA4/KA4 PE,KA4,2020,,,,2021,2026,2020~현재,true,false,KR,Kia software version list,https://update.kia.com/KR/KO/updateNoticeView/software-version,verified_admin,0.74
기아,EV3,1,1세대,First generation,SV1,E-GMP,2024,,,,2024,2026,2024~현재,true,false,KR,Kia software version list,https://update.kia.com/KR/KO/updateNoticeView/software-version,verified_admin,0.74
기아,EV6,1,1세대,First generation,CV/CV PE,E-GMP,2021,,,,2021,2026,2021~현재,true,false,KR,Kia software version list,https://update.kia.com/KR/KO/updateNoticeView/software-version,verified_admin,0.74
기아,EV9,1,1세대,First generation,MV1,E-GMP,2023,,,,2023,2026,2023~현재,true,false,KR,Kia software version list,https://update.kia.com/KR/KO/updateNoticeView/software-version,verified_admin,0.74
기아,봉고,4,4세대,Fourth generation,PU/PU PE,PU,2004,,,,2015,2026,2004~현재,true,false,KR,Kia software version list,https://update.kia.com/KR/KO/updateNoticeView/software-version,verified_admin,0.74
기아,K3,2,2세대,Second generation,BD,BD,2018,2,2024,,2018,2024,2018.2~2024,false,false,KR,기아 보도자료/기아 커넥트/기아 공식 가격표,https://www.newswire.co.kr/newsRead.php?no=865190,verified_admin,0.78
메르세데스-벤츠,A-Class,3,3세대,Third generation,W176,W176,2012,,2018,,2015,2017,2012~2018,false,false,KR,Mercedes-Benz official rescue sheets and media pages,https://rk.mb-qr.com/en/,verified_admin,0.72
메르세데스-벤츠,A-Class,4,4세대,Fourth generation,W177/V177,W177,2018,,,,2018,2026,2018~현재,true,false,KR,Mercedes-Benz official rescue sheets and media pages,https://rk.mb-qr.com/en/,verified_admin,0.72
메르세데스-벤츠,C-Class,4,4세대,Fourth generation,W205/S205/C205/A205,W205,2014,,2021,,2015,2020,2014~2021,false,false,KR,Mercedes-Benz official rescue sheets and media pages,https://rk.mb-qr.com/en/,verified_admin,0.72
메르세데스-벤츠,C-Class,5,5세대,Fifth generation,W206/S206,W206,2021,,,,2021,2026,2021~현재,true,false,KR,Mercedes-Benz official rescue sheets and media pages,https://rk.mb-qr.com/en/,verified_admin,0.72
메르세데스-벤츠,E-Class,4,4세대,Fourth generation,W212/S212/C207/A207,W212,2009,,2016,,2015,2015,2009~2016,false,false,KR,Mercedes-Benz official rescue sheets and media pages,https://rk.mb-qr.com/en/,verified_admin,0.72
메르세데스-벤츠,E-Class,5,5세대,Fifth generation,W213/S213/C238/A238,W213,2016,,2023,,2016,2023,2016~2023,false,false,KR,Mercedes-Benz official rescue sheets and media pages,https://rk.mb-qr.com/en/,verified_admin,0.72
메르세데스-벤츠,E-Class,6,6세대,Sixth generation,W214/S214,W214,2023,,,,2024,2026,2023~현재,true,false,KR,Mercedes-Benz official rescue sheets and media pages,https://rk.mb-qr.com/en/,verified_admin,0.72
메르세데스-벤츠,S-Class,6,6세대,Sixth generation,W222/V222/X222,W222,2013,,2020,,2015,2020,2013~2020,false,false,KR,Mercedes-Benz official rescue sheets and media pages,https://rk.mb-qr.com/en/,verified_admin,0.72
메르세데스-벤츠,S-Class,7,7세대,Seventh generation,W223/V223/Z223,W223,2020,,,,2021,2026,2020~현재,true,false,KR,Mercedes-Benz official rescue sheets and media pages,https://rk.mb-qr.com/en/,verified_admin,0.72
메르세데스-벤츠,GLA,1,1세대,First generation,X156,X156,2014,,2020,,2015,2019,2014~2020,false,false,KR,Mercedes-Benz official rescue sheets and media pages,https://rk.mb-qr.com/en/,verified_admin,0.72
메르세데스-벤츠,GLA,2,2세대,Second generation,H247,H247,2020,,,,2020,2026,2020~현재,true,false,KR,Mercedes-Benz official rescue sheets and media pages,https://rk.mb-qr.com/en/,verified_admin,0.72
메르세데스-벤츠,GLC,1,1세대,First generation,X253/C253,X253,2015,,2022,,2015,2022,2015~2022,false,false,KR,Mercedes-Benz official rescue sheets and media pages,https://rk.mb-qr.com/en/,verified_admin,0.72
메르세데스-벤츠,GLC,2,2세대,Second generation,X254/C254,X254,2022,,,,2023,2026,2022~현재,true,false,KR,Mercedes-Benz official rescue sheets and media pages,https://rk.mb-qr.com/en/,verified_admin,0.72
메르세데스-벤츠,GLE,1,1세대,First generation,W166/C292,W166,2015,,2019,,2015,2018,2015~2019,false,false,KR,Mercedes-Benz official rescue sheets and media pages,https://rk.mb-qr.com/en/,verified_admin,0.72
메르세데스-벤츠,GLE,2,2세대,Second generation,V167/C167,V167,2019,,,,2019,2026,2019~현재,true,false,KR,Mercedes-Benz official rescue sheets and media pages,https://rk.mb-qr.com/en/,verified_admin,0.72
메르세데스-벤츠,GLS,1,1세대,First generation,X166,X166,2015,,2019,,2015,2019,2015~2019,false,false,KR,Mercedes-Benz official rescue sheets and media pages,https://rk.mb-qr.com/en/,verified_admin,0.72
메르세데스-벤츠,GLS,2,2세대,Second generation,X167,X167,2019,,,,2020,2026,2019~현재,true,false,KR,Mercedes-Benz official rescue sheets and media pages,https://rk.mb-qr.com/en/,verified_admin,0.72
메르세데스-벤츠,EQA,1,1세대,First generation,H243,H243,2021,,,,2021,2026,2021~현재,true,false,KR,Mercedes-Benz official rescue sheets and media pages,https://rk.mb-qr.com/en/,verified_admin,0.72
메르세데스-벤츠,EQB,1,1세대,First generation,X243,X243,2021,,,,2022,2026,2021~현재,true,false,KR,Mercedes-Benz official rescue sheets and media pages,https://rk.mb-qr.com/en/,verified_admin,0.72
메르세데스-벤츠,EQE,1,1세대,First generation,V295/X294,EVA2,2022,,,,2022,2026,2022~현재,true,false,KR,Mercedes-Benz official rescue sheets and media pages,https://rk.mb-qr.com/en/,verified_admin,0.72
메르세데스-벤츠,EQS,1,1세대,First generation,V297/X296,EVA2,2021,,,,2021,2026,2021~현재,true,false,KR,Mercedes-Benz official rescue sheets and media pages,https://rk.mb-qr.com/en/,verified_admin,0.72
아우디,A3,3,3세대,Third generation,8V,MQB,2012,,2020,,2015,2019,2012~2020,false,false,KR,Audi official rescue sheets and MediaCenter pages,https://www.audi.com/en/rescue/,verified_admin,0.70
아우디,A3,4,4세대,Fourth generation,8Y/8Y PA,MQB Evo,2020,,,,2020,2026,2020~현재,true,false,KR,Audi official rescue sheets and MediaCenter pages,https://www.audi.com/en/rescue/,verified_admin,0.70
아우디,A4,5,5세대,Fifth generation,B9/8W,MLB Evo,2015,,2024,,2015,2024,2015~2024,false,false,KR,Audi official rescue sheets and MediaCenter pages,https://www.audi.com/en/rescue/,verified_admin,0.70
아우디,A5,1,1세대,First generation,8T/8F,MLB,2007,,2016,,2015,2015,2007~2016,false,false,KR,Audi official rescue sheets and MediaCenter pages,https://www.audi.com/en/rescue/,verified_admin,0.70
아우디,A5,2,2세대,Second generation,F5,MLB Evo,2016,,2024,,2016,2023,2016~2024,false,false,KR,Audi official rescue sheets and MediaCenter pages,https://www.audi.com/en/rescue/,verified_admin,0.70
아우디,A5,3,3세대,Third generation,B10,PPC,2024,,,,2024,2026,2024~현재,true,false,KR,Audi official rescue sheets and MediaCenter pages,https://www.audi.com/en/rescue/,verified_admin,0.70
아우디,A6,7,7세대,Seventh generation,C7/4G,MLB,2011,,2018,,2015,2018,2011~2018,false,false,KR,Audi official rescue sheets and MediaCenter pages,https://www.audi.com/en/rescue/,verified_admin,0.70
아우디,A6,8,8세대,Eighth generation,C8/4A,MLB Evo,2018,,2025,,2019,2024,2018~2025,false,false,KR,Audi official rescue sheets and MediaCenter pages,https://www.audi.com/en/rescue/,verified_admin,0.70
아우디,A6,9,9세대,Ninth generation,C9,PPC,2025,,,,2025,2026,2025~현재,true,false,KR,Audi official rescue sheets and MediaCenter pages,https://www.audi.com/en/rescue/,verified_admin,0.70
아우디,A7,1,1세대,First generation,4G8,MLB,2010,,2017,,2015,2017,2010~2017,false,false,KR,Audi official rescue sheets and MediaCenter pages,https://www.audi.com/en/rescue/,verified_admin,0.70
아우디,A7,2,2세대,Second generation,4K8,MLB Evo,2017,,2025,,2018,2025,2017~2025,false,false,KR,Audi official rescue sheets and MediaCenter pages,https://www.audi.com/en/rescue/,verified_admin,0.70
아우디,A8,3,3세대,Third generation,D4/4H,MLB,2010,,2017,,2015,2017,2010~2017,false,false,KR,Audi official rescue sheets and MediaCenter pages,https://www.audi.com/en/rescue/,verified_admin,0.70
아우디,A8,4,4세대,Fourth generation,D5/4N,MLB Evo,2017,,,,2018,2026,2017~현재,true,false,KR,Audi official rescue sheets and MediaCenter pages,https://www.audi.com/en/rescue/,verified_admin,0.70
아우디,Q3,1,1세대,First generation,8U,PQ35,2011,,2018,,2015,2018,2011~2018,false,false,KR,Audi official rescue sheets and MediaCenter pages,https://www.audi.com/en/rescue/,verified_admin,0.70
아우디,Q3,2,2세대,Second generation,F3,MQB,2018,,2025,,2019,2024,2018~2025,false,false,KR,Audi official rescue sheets and MediaCenter pages,https://www.audi.com/en/rescue/,verified_admin,0.70
아우디,Q3,3,3세대,Third generation,2025 generation,MQB Evo,2025,,,,2025,2026,2025~현재,true,false,KR,Audi official rescue sheets and MediaCenter pages,https://www.audi.com/en/rescue/,verified_admin,0.66
아우디,Q5,1,1세대,First generation,8R,MLB,2008,,2017,,2015,2016,2008~2017,false,false,KR,Audi official rescue sheets and MediaCenter pages,https://www.audi.com/en/rescue/,verified_admin,0.70
아우디,Q5,2,2세대,Second generation,FY,MLB Evo,2017,,2024,,2017,2024,2017~2024,false,false,KR,Audi official rescue sheets and MediaCenter pages,https://www.audi.com/en/rescue/,verified_admin,0.70
아우디,Q5,3,3세대,Third generation,2025 generation,PPC,2024,,,,2025,2026,2024~현재,true,false,KR,Audi official rescue sheets and MediaCenter pages,https://www.audi.com/en/rescue/,verified_admin,0.66
아우디,Q7,2,2세대,Second generation,4M/4M PA,MLB Evo,2015,,,,2015,2026,2015~현재,true,false,KR,Audi official rescue sheets and MediaCenter pages,https://www.audi.com/en/rescue/,verified_admin,0.70
아우디,Q8,1,1세대,First generation,4M,MLB Evo,2018,,,,2018,2026,2018~현재,true,false,KR,Audi official rescue sheets and MediaCenter pages,https://www.audi.com/en/rescue/,verified_admin,0.70
아우디,e-tron,1,1세대,First generation,GE,MLB Evo,2018,,2022,,2018,2022,2018~2022,false,false,KR,Audi official rescue sheets and MediaCenter pages,https://www.audi.com/en/rescue/,verified_admin,0.70
아우디,e-tron,2,Q8 e-tron,Q8 e-tron facelift,GE PE,MLB Evo,2023,,2025,,2023,2025,2023~2025,false,false,KR,Audi official rescue sheets and MediaCenter pages,https://www.audi.com/en/rescue/,verified_admin,0.70
아우디,Q4 e-tron,1,1세대,First generation,F4,MEB,2021,,,,2021,2026,2021~현재,true,false,KR,Audi official rescue sheets and MediaCenter pages,https://www.audi.com/en/rescue/,verified_admin,0.70
쉐보레,스파크,2,M400,M400 generation,M400,Gamma II,2015,,2022,,2015,2022,2015~2022,false,false,KR,Chevrolet Korea newsroom and type-price pages,https://www.chevrolet.co.kr/finance/type-price,pending_review,0.58
쉐보레,말리부,8,8세대,Eighth generation,V300,Epsilon II,2011,,2016,,2015,2015,2011~2016,false,false,KR,Chevrolet Korea newsroom and type-price pages,https://www.chevrolet.co.kr/finance/type-price,pending_review,0.55
쉐보레,말리부,9,9세대,Ninth generation,V400,E2XX,2016,,2022,,2016,2022,2016~2022,false,false,KR,Chevrolet Korea newsroom and type-price pages,https://www.chevrolet.co.kr/finance/type-price,pending_review,0.58
쉐보레,트랙스,1,1세대,First generation,U200,Gamma II,2013,,2022,,2015,2022,2013~2022,false,false,KR,Chevrolet Korea newsroom and type-price pages,https://www.chevrolet.co.kr/finance/type-price,pending_review,0.58
쉐보레,트랙스,2,트랙스 크로스오버,Trax Crossover,9BQC,VSS-F,2023,,,,2023,2026,2023~현재,true,false,KR,Chevrolet Korea newsroom and type-price pages,https://www.chevrolet.co.kr/finance/type-price,pending_review,0.58
쉐보레,트레일블레이저,1,1세대,First generation,VSS-F,VSS-F,2020,,,,2020,2026,2020~현재,true,false,KR,Chevrolet Korea newsroom and type-price pages,https://www.chevrolet.co.kr/finance/type-price,pending_review,0.58
쉐보레,트래버스,2,2세대,Second generation,C1XX,C1XX,2019,,,,2019,2026,2019~현재,true,false,KR,Chevrolet Korea official SUV lineup page,https://www.chevrolet.co.kr/suvs,pending_review,0.60
쉐보레,타호,5,5세대,Fifth generation,T1XX,GMT1YC,2022,,,,2022,2026,2022~현재,true,false,KR,Chevrolet Korea official SUV lineup page,https://www.chevrolet.co.kr/suvs,pending_review,0.60
쉐보레,이쿼녹스,1,공식 라인업,Official lineup,,,2026,,,,2026,2026,2026~현재,true,false,KR,Chevrolet Korea official SUV lineup page,https://www.chevrolet.co.kr/suvs,pending_review,0.62
쉐보레,콜로라도,2,2세대,Second generation,RG,31XX,2019,,2023,,2019,2023,2019~2023,false,false,KR,Chevrolet Korea newsroom and type-price pages,https://www.chevrolet.co.kr/finance/type-price,pending_review,0.58
쉐보레,콜로라도,3,3세대,Third generation,31XX-2,31XX-2,2024,,,,2024,2026,2024~현재,true,false,KR,Chevrolet Korea newsroom and type-price pages,https://www.chevrolet.co.kr/finance/type-price,pending_review,0.58
쉐보레,볼트 EV,1,1세대,First generation,G2CX,BEV2,2017,,2023,,2017,2023,2017~2023,false,false,KR,Chevrolet Korea newsroom and type-price pages,https://www.chevrolet.co.kr/finance/type-price,pending_review,0.56
볼보,S60,2,2세대,Second generation,P3,P3,2010,,2018,,2015,2018,2010~2018,false,false,KR,Volvo Cars media and Volvo Korea current lineup,https://www.volvocars.com/us/media/press-releases/4DA080AF252FD9FF/,pending_review,0.56
볼보,S60,3,3세대,Third generation,SPA,SPA,2018,,2025,,2019,2025,2018~2025,false,false,KR,Volvo Cars media and Volvo Korea current lineup,https://www.volvocars.com/us/media/press-releases/221545E8824EBEFC/,pending_review,0.64
볼보,S90,1,1세대,First generation,SPA,SPA,2016,,,,2016,2026,2016~현재,true,false,KR,Volvo Cars media and Volvo Korea current lineup,https://www.volvocars.com/us/media/press-releases/42E0670260E4D00D/,pending_review,0.64
볼보,XC40,1,1세대,First generation,CMA,CMA,2017,,,,2018,2026,2017~현재,true,false,KR,Volvo Cars media and Volvo Korea current lineup,https://www.volvocars.com/us/media/press-releases/217972/,pending_review,0.64
볼보,XC60,1,1세대,First generation,P3,P3,2008,,2017,,2015,2017,2008~2017,false,false,KR,Volvo Cars media and Volvo Korea current lineup,https://www.volvocars.com/us/media/press-releases/184814/,pending_review,0.56
볼보,XC60,2,2세대,Second generation,SPA,SPA,2017,,,,2018,2026,2017~현재,true,false,KR,Volvo Cars media and Volvo Korea current lineup,https://www.volvocars.com/us/media/press-releases/184814/,pending_review,0.64
볼보,XC90,2,2세대,Second generation,SPA,SPA,2014,,,,2015,2026,2014~현재,true,false,KR,Volvo Cars media and Volvo Korea current lineup,https://www.volvocars.com/kr/,pending_review,0.60
볼보,C40,1,1세대,First generation,C40,CMA,2021,,2024,,2022,2024,2021~2024,false,false,KR,Volvo Cars media and Volvo Korea current lineup,https://www.volvocars.com/us/media/press-releases/277409/,pending_review,0.58
볼보,EX30,1,1세대,First generation,EX30,,2025,,,,2025,2026,2025~현재,true,false,KR,Volvo Cars media and Volvo Korea current lineup,https://www.volvocars.com/us/media/models/ex30/2025/press-releases/,pending_review,0.58
볼보,EX90,1,1세대,First generation,EX90,,2026,,,,2026,2026,2026~현재,true,false,KR,Volvo Cars media and Volvo Korea current lineup,https://www.volvocars.com/kr/,pending_review,0.54
볼보,V60 Cross Country,2,2세대,Second generation,SPA,SPA,2018,,,,2019,2026,2018~현재,true,false,KR,Volvo Cars media and Volvo Korea current lineup,https://www.volvocars.com/us/media/press-releases/240100/,pending_review,0.62
볼보,EX40,1,공식 라인업,Official lineup,,,2025,,,,2025,2026,2025~현재,true,false,KR,Volvo Cars Korea official EX40/EC40 rename news and support,https://www.volvocars.com/kr/news/corporate/new-name-new-me-say-hello-to-the-ex40-and-ec40/,pending_review,0.62
볼보,EC40,1,공식 라인업,Official lineup,,,2025,,,,2025,2026,2025~현재,true,false,KR,Volvo Cars Korea official EX40/EC40 rename news and support,https://www.volvocars.com/kr/news/corporate/new-name-new-me-say-hello-to-the-ex40-and-ec40/,pending_review,0.62
BMW,1시리즈,2,2세대,Second generation,F20,F20,2012,10,2019,,2015,2019,2012.10~2019,false,false,KR,BMW Korea PressClub 2nd generation 1 Series launch,https://www.press.bmwgroup.com/korea/article/detail/T0133869KO/bmw-%EC%BD%94%EB%A6%AC%EC%95%84-%EB%89%B4-1%EC%8B%9C%EB%A6%AC%EC%A6%88-%EC%B6%9C%EC%8B%9C?language=ko,verified_admin,0.78
BMW,1시리즈,3,3세대,Third generation,F40,F40,2020,1,2024,,2020,2024,2020.1~2024,false,false,KR,BMW Korea PressClub 3rd generation 1 Series launch,https://www.press.bmwgroup.com/korea/article/detail/T0304413KO/bmw-%EC%BD%94%EB%A6%AC%EC%95%84-3%EC%84%B8%EB%8C%80-%EB%89%B4-1%EC%8B%9C%EB%A6%AC%EC%A6%88-%EA%B5%AD%EB%82%B4-%EC%B6%9C%EC%8B%9C?language=ko,verified_admin,0.78
BMW,1시리즈,4,4세대,Fourth generation,F70,F70,2024,10,,,2025,2026,2024.10~현재,true,false,KR,BMW Group/Korea PressClub 4th generation 1 Series launch,https://www.press.bmwgroup.com/global/article/detail/T0443483EN/bmw-1-series-production-launch-at-bmw-group-plant-leipzig?language=en,verified_admin,0.76
BMW,2시리즈 쿠페,1,1세대,First generation,F22,F22,2013,,2021,,2015,2021,2013~2021,false,false,KR,BMW Group PressClub Leipzig production list,https://www.press.bmwgroup.com/global/article/detail/T0448360EN/anniversary%3A-20-years-of-series-production-at-bmw-group-plant-leipzig?language=en,verified_admin,0.74
BMW,2시리즈 쿠페,2,2세대,Second generation,G42,G42,2021,7,,,2022,2026,2021.7~현재,true,false,KR,BMW Group PressClub all-new 2 Series Coupe,https://www.press.bmwgroup.com/global/article/detail/T0336854EN/the-all-new-bmw-2-series-coup%C3%A9?language=en,verified_admin,0.78
BMW,i4,1,1세대,First generation,G26,G26,2022,4,,,2022,2026,2022.4~현재,true,false,KR,BMW Group PressClub Korea i4 release,https://www.press.bmwgroup.com/korea/photo/detail/P90456990/BMW-Korea-to-officially-release-the-BMW-i4-the-brand%E2%80%99s-first-all-electric-gran-coupe-04-2022?forceSitePreference=DESKTOP,verified_admin,0.72
BMW,3시리즈,6,6세대,Sixth generation,F30,F30,2012,,2018,,2015,2018,2012~2018,false,false,KR,BMW Korea PressClub 3 Series history,https://www.press.bmwgroup.com/korea/article/detail/T0264213KO/%EC%95%9E%EC%84%A0-%EA%B8%B0%EC%88%A0%EA%B3%BC-%ED%98%81%EC%8B%A0%EC%9D%84-%EC%9D%B4%EC%96%B4%EC%98%A8-bmw-3%EC%8B%9C%EB%A6%AC%EC%A6%88%EC%9D%98-%EC%97%AD%EC%82%AC?language=ko,verified_admin,0.78
BMW,3시리즈,7,7세대,Seventh generation,G20,G20,2019,3,,,2019,2026,2019.3~현재,true,false,KR,BMW Group PressClub 3 Series G20 launch,https://www.press.bmwgroup.com/global/article/detail/T0285128EN/the-all-new-bmw-3-series-sedan?language=en,verified_admin,0.78
BMW,4시리즈,1,1세대,First generation,F32/F33/F36,F32/F33/F36,2013,10,2020,,2015,2020,2013.10~2020,false,false,KR,BMW Korea PressClub 4 Series Coupe launch,https://www.press.bmwgroup.com/korea/article/detail/T0152484KO/bmw-%EC%BD%94%EB%A6%AC%EC%95%84-%EB%89%B4-4%EC%8B%9C%EB%A6%AC%EC%A6%88-%EC%BF%A0%ED%8E%98-%EA%B3%B5%EC%8B%9D-%EC%B6%9C%EC%8B%9C?language=ko,verified_admin,0.76
BMW,4시리즈,2,2세대,Second generation,G22/G23/G26,G22/G23/G26,2021,2,,,2021,2026,2021.2~현재,true,false,KR,BMW Korea PressClub 4 Series G22/G23 launch,https://www.press.bmwgroup.com/korea/article/detail/T0325769KO/bmw-%EC%BD%94%EB%A6%AC%EC%95%84-%EB%89%B4-4%EC%8B%9C%EB%A6%AC%EC%A6%88-%EA%B5%AD%EB%82%B4-%EA%B3%B5%EC%8B%9D-%EC%B6%9C%EC%8B%9C?language=ko,verified_admin,0.78
BMW,5시리즈,7,7세대,Seventh generation,G30,G30,2017,,2023,,2017,2023,2017~2023,false,false,KR,BMW Group PressClub 2017 5 Series release,https://www.press.bmwgroup.com/usa/article/detail/T0264802EN_US/the-all-new-2017-bmw-5-series%3A-performance-redefined?language=en_US,verified_admin,0.72
BMW,5시리즈,8,8세대,Eighth generation,G60,G60,2023,10,,,2024,2026,2023.10~현재,true,false,KR,BMW Korea PressClub 5 Series G60 release,https://www.press.bmwgroup.com/korea/photo/detail/P90526770/BMW-Korea-to-release-the-next-generation-premium-sedan-the-new-BMW-5-Series-for-the-first-time-in-the?forceSitePreference=DESKTOP,verified_admin,0.78
BMW,7시리즈,6,6세대,Sixth generation,G11/G12,G11/G12,2015,10,2022,,2015,2022,2015.10~2022,false,false,KR,BMW Korea PressClub 6th generation 7 Series launch,https://www.press.bmwgroup.com/korea/article/detail/T0239522KO/bmw-%EC%BD%94%EB%A6%AC%EC%95%84-6%EC%84%B8%EB%8C%80-%EB%89%B4-7%EC%8B%9C%EB%A6%AC%EC%A6%88-%EA%B3%B5%EC%8B%9D-%EC%B6%9C%EC%8B%9C?language=ko,verified_admin,0.78
BMW,7시리즈,7,7세대,Seventh generation,G70,G70,2022,12,,,2023,2026,2022.12~현재,true,false,KR,BMW Korea PressClub 7 Series G70 launch,https://www.press.bmwgroup.com/korea/article/detail/T0407078KO/bmw-%EC%BD%94%EB%A6%AC%EC%95%84-%EC%83%88%EB%A1%9C%EC%9A%B4-%EC%B0%A8%EC%9B%90%EC%9D%98-%EB%9F%AD%EC%85%94%EB%A6%AC-%ED%94%8C%EB%9E%98%EA%B7%B8%EC%8B%AD-%EC%84%B8%EB%8B%A8-%EB%89%B4-7%EC%8B%9C%EB%A6%AC%EC%A6%88%E2%80%99-%EA%B5%AD%EB%82%B4-%EA%B3%B5%EC%8B%9D-%EC%B6%9C%EC%8B%9C?language=ko,verified_admin,0.78
BMW,X1,1,1세대,First generation,E84,E84,2010,2,2015,,2015,2015,2010.2~2015,false,false,KR,BMW Korea PressClub X1 launch,https://www.press.bmwgroup.com/korea/article/detail/T0077953KO/%EC%84%B8%EA%B3%84-%EC%B5%9C%EC%B4%88-%ED%94%84%EB%A6%AC%EB%AF%B8%EC%97%84-%EC%BB%B4%ED%8C%A9%ED%8A%B8-sav-bmw-%EC%BD%94%EB%A6%AC%EC%95%84-bmw-x1-%EC%B6%9C%EC%8B%9C?language=ko,verified_admin,0.76
BMW,X1,2,2세대,Second generation,F48,F48,2016,2,2022,,2016,2022,2016.2~2022,false,false,KR,BMW Korea PressClub 2nd generation X1 launch,https://www.press.bmwgroup.com/korea/article/detail/T0258265KO/bmw-%EC%BD%94%EB%A6%AC%EC%95%84-2%EC%84%B8%EB%8C%80-%EB%89%B4-x1-%EA%B3%B5%EC%8B%9D-%EC%B6%9C%EC%8B%9C?language=ko,verified_admin,0.78
BMW,X1,3,3세대,Third generation,U11,U11,2023,3,,,2023,2026,2023.3~현재,true,false,KR,BMW Korea PressClub New X1 and iX1 launch,https://www.press.bmwgroup.com/korea/article/detail/T0412647KO/bmw-%EC%BD%94%EB%A6%AC%EC%95%84-%ED%94%84%EB%A6%AC%EB%AF%B8%EC%97%84-%EC%86%8C%ED%98%95-sav-%EB%89%B4-x1-%EB%B0%8F-%EB%89%B4-ix1-%EA%B3%B5%EC%8B%9D-%EC%B6%9C%EC%8B%9C?language=ko,verified_admin,0.78
BMW,X3,2,2세대,Second generation,F25,F25,2011,,2017,,2015,2017,2011~2017,false,false,KR,BMW Korea PressClub New X3 launch note,https://www.press.bmwgroup.com/korea/article/detail/T0192351KO/bmw-%EC%BD%94%EB%A6%AC%EC%95%84-%EB%89%B4-x3-%EA%B3%B5%EC%8B%9D-%EC%B6%9C%EC%8B%9C?language=ko,verified_admin,0.76
BMW,X3,3,3세대,Third generation,G01,G01,2017,11,2024,,2018,2024,2017.11~2024,false,false,KR,BMW Korea PressClub 3rd generation X3 launch,https://www.press.bmwgroup.com/korea/article/detail/T0276123KO/bmw-%EA%B7%B8%EB%A3%B9-%EC%BD%94%EB%A6%AC%EC%95%84-3%EC%84%B8%EB%8C%80-%EB%89%B4-x3-%EA%B3%B5%EC%8B%9D-%EC%B6%9C%EC%8B%9C?language=ko,verified_admin,0.78
BMW,X3,4,4세대,Fourth generation,G45,G45,2024,11,,,2025,2026,2024.11~현재,true,false,KR,BMW Korea PressClub 4th generation X3 launch,https://www.press.bmwgroup.com/korea/article/detail/T0446603KO/bmw-%EC%BD%94%EB%A6%AC%EC%95%84-4%EC%84%B8%EB%8C%80-%EC%99%84%EC%A0%84%EB%B3%80%EA%B2%BD-bmw-%EB%89%B4-x3%E2%80%99-%EA%B3%B5%EC%8B%9D-%EC%B6%9C%EC%8B%9C?language=ko,verified_admin,0.78
BMW,X5,3,3세대,Third generation,F15,F15,2013,11,2018,,2015,2018,2013.11~2018,false,false,KR,BMW Korea PressClub 3rd generation X5 launch,https://www.press.bmwgroup.com/korea/article/detail/T0156364KO/bmw-%EC%BD%94%EB%A6%AC%EC%95%84-%EB%89%B4-x5-%EA%B3%B5%EC%8B%9D-%EC%B6%9C%EC%8B%9C?language=ko,verified_admin,0.78
BMW,X5,4,4세대,Fourth generation,G05,G05,2018,11,,,2019,2026,2018.11~현재,true,false,KR,BMW Korea PressClub 4th generation X5 pre-order,https://www.press.bmwgroup.com/korea/article/detail/T0287123KO/bmw-%EA%B7%B8%EB%A3%B9-%EC%BD%94%EB%A6%AC%EC%95%84-4%EC%84%B8%EB%8C%80-%EB%89%B4-x5-%EC%82%AC%EC%A0%84-%EC%98%88%EC%95%BD-%EC%8B%A4%EC%8B%9C?language=ko,verified_admin,0.78
BMW,X7,1,1세대,First generation,G07,G07,2019,,,,2019,2026,2019~현재,true,false,KR,BMW Korea PressClub X7 LCI launch note,https://www.press.bmwgroup.com/korea/article/detail/T0407081KO/bmw-%EC%BD%94%EB%A6%AC%EC%95%84-%ED%95%9C%EC%B8%B5-%EC%A7%84%EB%B3%B4%ED%95%9C-%ED%94%8C%EB%9E%98%EA%B7%B8%EC%8B%AD-sav-%EB%89%B4-x7%E2%80%99-%EA%B5%AD%EB%82%B4-%EA%B3%B5%EC%8B%9D-%EC%B6%9C%EC%8B%9C?language=ko,verified_admin,0.76
BMW,i5,1,1세대,First generation,G60,G60,2024,3,,,2024,2026,2024.3~현재,true,false,KR,BMW Group PressClub i5 xDrive40 production note,https://www.press.bmwgroup.com/canada/article/detail/T0437821EN/market-launch-of-the-new-bmw-5-series-sedan-and-the-first-bmw-i5?language=en,verified_admin,0.72
BMW,iX,1,1세대,First generation,i20,i20,2022,,,,2022,2026,2022~현재,true,false,KR,BMW Group PressClub Korea iX/iX3 release,https://www.press.bmwgroup.com/korea/photo/detail/P90445396/BMW-Korea-to-officially-release-new-pure-electric-models-the-BMW-iX-and-iX3-in-Korea-11-2021?forceSitePreference=DESKTOP,verified_admin,0.72
BMW,iX3,1,1세대,First generation,G08,G08,2022,,,,2022,2026,2022~현재,true,false,KR,BMW Group PressClub Korea iX/iX3 release,https://www.press.bmwgroup.com/korea/photo/detail/P90445396/BMW-Korea-to-officially-release-new-pure-electric-models-the-BMW-iX-and-iX3-in-Korea-11-2021?forceSitePreference=DESKTOP,verified_admin,0.72
제네시스,G70,1,1세대,First generation,,,2017,,,,2017,2026,2017~현재,true,false,KR,Genesis G70 launch and official model page,https://www.genesis.com/kr/ko/support/pr-center/detail.html?seq=0000000180,verified_admin,0.76
제네시스,G70 슈팅 브레이크,1,1세대,First generation,,,2022,,,,2022,2026,2022~현재,true,false,KR,Genesis G70 Shooting Brake PR and download center,https://www.genesis.com/kr/ko/support/pr-center/detail.html?seq=0000000311,verified_admin,0.72
제네시스,G80,2,2세대,Second generation,,,2016,,2019,,2016,2019,2016~2019,false,false,KR,Genesis G80 generation official PR,https://www.genesis.com/kr/ko/support/pr-center/detail.html?seq=0000000226,verified_admin,0.76
제네시스,G80,3,3세대,Third generation,,,2020,,,,2020,2026,2020~현재,true,false,KR,Genesis The All-new G80 launch and official specs,https://www.genesis.com/kr/ko/support/pr-center/detail.html?seq=0000000221,verified_admin,0.78
제네시스,Electrified G80,1,1세대,First generation,,,2021,,,,2021,2026,2021~현재,true,false,KR,Genesis Electrified G80 launch and official specs,https://www.genesis.com/kr/ko/support/pr-center/detail.html?seq=0000000310,verified_admin,0.78
제네시스,G90,1,1세대,First generation,,,2019,,2021,,2019,2021,2019~2021,false,false,KR,Genesis G90 official PR archive,https://www.genesis.com/kr/ko/support/pr-center/detail.html?seq=0000000232,verified_admin,0.70
제네시스,G90,2,2세대,Second generation,,,2021,,,,2022,2026,2021~현재,true,false,KR,Genesis G90 full-change official PR,https://www.genesis.com/kr/ko/support/pr-center/detail.html?seq=0000000330,verified_admin,0.76
제네시스,GV60,1,1세대,First generation,,E-GMP,2021,,,,2021,2026,2021~현재,true,false,KR,Genesis GV60 launch and official model page,https://www.genesis.com/kr/ko/support/pr-center/detail.html?seq=0000000319,verified_admin,0.78
제네시스,GV70,1,1세대,First generation,,,2020,,,,2021,2026,2020~현재,true,false,KR,Genesis GV70 official global reveal,https://www.genesis.com/kr/ko/support/pr-center/detail.html?seq=0000000290,verified_admin,0.76
제네시스,Electrified GV70,1,1세대,First generation,,,2022,,,,2022,2026,2022~현재,true,false,KR,Genesis Electrified GV70 official model page and PR,https://www.genesis.com/kr/ko/support/pr-center/detail.html?seq=0000000339,verified_admin,0.76
제네시스,GV80,1,1세대,First generation,,,2020,,,,2020,2026,2020~현재,true,false,KR,Genesis GV80 official launch and specs,https://www.genesis.com/kr/ko/support/pr-center/detail.html?seq=0000000224,verified_admin,0.76
제네시스,GV80 Coupe,1,1세대,First generation,,,2023,,,,2024,2026,2023~현재,true,false,KR,Genesis GV80 Coupe official model page and PR,https://www.genesis.com/kr/ko/support/pr-center/detail.html?seq=0000000445,verified_admin,0.74
르노코리아,SM6,1,1세대,First generation,,,2016,,2024,,2016,2024,2016~2024,false,false,KR,,,pending_review,0.58
르노코리아,QM6,1,1세대,First generation,,,2016,,2024,,2016,2024,2016~2024,false,false,KR,,,pending_review,0.58
르노코리아,XM3,1,1세대,First generation,,,2020,,2023,,2020,2023,2020~2023,false,false,KR,,,pending_review,0.58
르노코리아,Arkana,1,1세대,First generation,,,2024,,,,2024,2026,2024~현재,true,false,KR,Renault Korea official Arkana model page,https://www.renault.co.kr/ko/model/arkana_overview.jsp,verified_admin,0.74
르노코리아,그랑 콜레오스,1,1세대,First generation,,,2024,,,,2025,2026,2024~현재,true,false,KR,Renault Korea official Grand Koleos model page,https://www.renault.co.kr/ko/model/koleos_overview.jsp,verified_admin,0.76
르노코리아,Filante,1,1세대,First generation,,,2026,,,,2026,2026,2026~현재,true,false,KR,Renault Korea official Filante model page,https://www.renault.co.kr/ko/model/filante_overview.jsp,verified_admin,0.76
르노코리아,세닉 E-Tech,1,공식 라인업,Official lineup,,,2025,,,,2025,2026,2025~현재,true,false,KR,Renault Korea official Scenic E-Tech price list and brochure,https://www.renault.co.kr/upload/asset/price/price_scenic_202508.pdf,pending_review,0.68
KG모빌리티,티볼리,1,1세대,First generation,,,2015,,,,2015,2026,2015~현재,true,false,KR,KGM official Tivoli model page,https://www.kg-mobility.com/pr/model/show-room/200000100010007,verified_admin,0.72
KG모빌리티,코란도,4,4세대,Fourth generation,,,2019,,2024,,2019,2024,2019~2024,false,false,KR,,,pending_review,0.58
KG모빌리티,액티언,2,2세대,Second generation,,,2024,,,,2024,2026,2024~현재,true,false,KR,KGM official Actyon model page,https://www.kg-mobility.com/pr/model/show-room/200000100010016,verified_admin,0.72
KG모빌리티,액티언 하이브리드,2,2세대,Second generation,,,2025,,,,2025,2026,2025~현재,true,false,KR,KGM official Actyon Hybrid model page and launch PR,https://www.kg-mobility.com/pr/model/show-room/200000100010018,verified_admin,0.72
KG모빌리티,토레스,1,1세대,First generation,,,2022,,,,2022,2026,2022~현재,true,false,KR,KGM official Torres model page and refresh PR,https://www.kg-mobility.com/pr/model/show-room/200000100010001,verified_admin,0.72
KG모빌리티,토레스 하이브리드,1,1세대,First generation,,,2025,,,,2025,2026,2025~현재,true,false,KR,KGM official Torres Hybrid model page and launch PR,https://www.kg-mobility.com/pr/model/show-room/200000100010017,verified_admin,0.72
KG모빌리티,토레스 EVX,1,1세대,First generation,,,2023,,,,2023,2026,2023~현재,true,false,KR,KGM official Torres EVX model page,https://www.kg-mobility.com/pr/model/show-room/200000100010009,verified_admin,0.72
KG모빌리티,토레스 밴,1,공식 라인업,Official lineup,,,2026,,,,2026,2026,2026~현재,true,false,KR,KGM official Korean model list,https://www.kg-mobility.com/pr/model,pending_review,0.64
KG모빌리티,토레스 EVX 밴,1,공식 라인업,Official lineup,,,2026,,,,2026,2026,2026~현재,true,false,KR,KGM official Korean model list,https://www.kg-mobility.com/pr/model,pending_review,0.64
KG모빌리티,렉스턴,2,2세대,Second generation,,,2017,,,,2017,2026,2017~현재,true,false,KR,KGM official Rexton New Arena model page,https://www.kg-mobility.com/pr/model/show-room/200000100010012,verified_admin,0.70
KG모빌리티,렉스턴 써밋,1,공식 라인업,Official lineup,,,2026,,,,2026,2026,2026~현재,true,false,KR,KGM official Korean model list,https://www.kg-mobility.com/pr/model,pending_review,0.64
KG모빌리티,렉스턴 스포츠,1,렉스턴 스포츠,Rexton Sports,,,2018,,2025,,2018,2025,2018~2025,false,false,KR,KGM Musso pickup brand official PR,https://www.kg-mobility.com/br/news/press-release/0000000996,verified_admin,0.72
KG모빌리티,무쏘,1,무쏘,Musso pickup brand,,,2025,,,,2025,2026,2025~현재,true,false,KR,KGM official Musso model page,https://www.kg-mobility.com/pr/model/show-room/200000100030004,verified_admin,0.72
KG모빌리티,무쏘 EV,1,무쏘 EV,Musso EV,,,2025,,,,2025,2026,2025~현재,true,false,KR,KGM official Musso EV model page and launch PR,https://www.kg-mobility.com/pr/model/show-room/200000100030003,verified_admin,0.74
폭스바겐,골프,1,공식 라인업,Official lineup,,,2015,,,,2015,2026,2015~현재,true,false,KR,Volkswagen Korea official model lineup,https://www.volkswagen.co.kr/ko.html,pending_review,0.56
폭스바겐,제타,1,공식 라인업,Official lineup,,,2015,,,,2015,2026,2015~현재,true,false,KR,Volkswagen Korea official model/news pages,https://www.volkswagen.co.kr/ko/promotion_news/news/2021/2021-03-05.html,pending_review,0.52
폭스바겐,파사트,1,공식 라인업,Official lineup,,,2015,,,,2015,2026,2015~현재,true,false,KR,Volkswagen Korea official model/news pages,https://www.volkswagen.co.kr/ko/promotion_news/news/2021/2021-03-05.html,pending_review,0.52
폭스바겐,티구안,1,공식 라인업,Official lineup,,,2015,,,,2015,2026,2015~현재,true,false,KR,Volkswagen Korea official model/news pages,https://www.volkswagen.co.kr/ko/promotion_news/news/news-2022.html,pending_review,0.54
폭스바겐,투아렉,1,공식 라인업,Official lineup,,,2015,,,,2015,2026,2015~현재,true,false,KR,Volkswagen Korea official model lineup,https://www.volkswagen.co.kr/ko.html,pending_review,0.56
폭스바겐,ID.4,1,공식 라인업,Official lineup,,,2015,,,,2015,2026,2015~현재,true,false,KR,Volkswagen Korea official model lineup,https://www.volkswagen.co.kr/ko.html,pending_review,0.56
폭스바겐,아테온,1,공식 라인업,Official lineup,,,2015,,,,2015,2026,2015~현재,true,false,KR,Volkswagen Korea official model/news pages,https://www.volkswagen.co.kr/ko/promotion_news/news/2021/2021-03-05.html,pending_review,0.52
토요타,프리우스,1,공식 라인업,Official lineup,,,2015,,,,2015,2026,2015~현재,true,false,KR,Toyota Korea official model lineup,https://www.toyota.co.kr/,pending_review,0.56
토요타,캠리,1,공식 라인업,Official lineup,,,2015,,,,2015,2026,2015~현재,true,false,KR,Toyota Korea official model lineup,https://www.toyota.co.kr/,pending_review,0.56
토요타,라브4,1,공식 라인업,Official lineup,,,2015,,,,2015,2026,2015~현재,true,false,KR,Toyota Korea official model lineup,https://www.toyota.co.kr/,pending_review,0.56
토요타,하이랜더,1,공식 라인업,Official lineup,,,2015,,,,2015,2026,2015~현재,true,false,KR,Toyota Korea official model lineup,https://www.toyota.co.kr/,pending_review,0.56
토요타,시에나,1,공식 라인업,Official lineup,,,2015,,,,2015,2026,2015~현재,true,false,KR,Toyota Korea official owner/test-drive pages,https://www.toyota.co.kr/test-drive/,pending_review,0.56
토요타,크라운,1,공식 라인업,Official lineup,,,2015,,,,2015,2026,2015~현재,true,false,KR,Toyota Korea official model lineup,https://www.toyota.co.kr/,pending_review,0.56
토요타,GR86,1,공식 라인업,Official lineup,,,2015,,,,2015,2026,2015~현재,true,false,KR,Toyota Korea official owner/test-drive pages,https://www.toyota.co.kr/test-drive/,pending_review,0.56
렉서스,ES,1,공식 라인업,Official lineup,,,2015,,,,2015,2026,2015~현재,true,false,KR,Lexus Korea official electrified lineup,https://www.lexus.co.kr/contents/2022-lexus-electrified/electrified,pending_review,0.56
렉서스,LS,1,공식 라인업,Official lineup,,,2015,,,,2015,2026,2015~현재,true,false,KR,Lexus Korea official electrified lineup,https://www.lexus.co.kr/contents/2022-lexus-electrified/electrified,pending_review,0.56
렉서스,NX,1,공식 라인업,Official lineup,,,2015,,,,2015,2026,2015~현재,true,false,KR,Lexus Korea official electrified lineup,https://www.lexus.co.kr/contents/2022-lexus-electrified/electrified,pending_review,0.56
렉서스,RX,1,공식 라인업,Official lineup,,,2015,,,,2015,2026,2015~현재,true,false,KR,Lexus Korea official electrified lineup,https://www.lexus.co.kr/contents/2022-lexus-electrified/electrified,pending_review,0.56
렉서스,UX,1,공식 라인업,Official lineup,,,2015,,,,2015,2026,2015~현재,true,false,KR,Lexus Korea official electrified lineup,https://www.lexus.co.kr/contents/2022-lexus-electrified/electrified,pending_review,0.56
렉서스,RZ,1,공식 라인업,Official lineup,,,2015,,,,2015,2026,2015~현재,true,false,KR,Lexus Korea official electrified lineup,https://www.lexus.co.kr/contents/2022-lexus-electrified/electrified,pending_review,0.56
혼다,시빅,1,공식 라인업,Official lineup,,,2015,,,,2015,2026,국내 공식 현재 라인업 미확인,false,false,KR,Honda Korea official online showroom current model list,https://auto.hondakorea.co.kr/main/,pending_review,0.44,false
혼다,어코드,1,공식 라인업,Official lineup,,,2015,,,,2015,2026,2015~현재,true,false,KR,Honda Korea official online showroom,https://auto.hondakorea.co.kr/main/,pending_review,0.56
혼다,CR-V,1,공식 라인업,Official lineup,,,2015,,,,2015,2026,2015~현재,true,false,KR,Honda Korea official online showroom,https://auto.hondakorea.co.kr/main/,pending_review,0.56
혼다,HR-V,1,공식 라인업,Official lineup,,,2015,,,,2015,2026,국내 공식 현재 라인업 미확인,false,false,KR,Honda Korea official online showroom current model list,https://auto.hondakorea.co.kr/main/,pending_review,0.44,false
혼다,파일럿,1,공식 라인업,Official lineup,,,2015,,,,2015,2026,2015~현재,true,false,KR,Honda Korea official online showroom,https://auto.hondakorea.co.kr/main/,pending_review,0.56
혼다,오딧세이,1,공식 라인업,Official lineup,,,2015,,,,2015,2026,2015~현재,true,false,KR,Honda Korea official online showroom,https://auto.hondakorea.co.kr/main/,pending_review,0.56
닛산,알티마,1,공식 라인업,Official lineup,,,2015,,2020,,2015,2020,2015~2020,false,false,KR,Nissan Korea official withdrawal notice,https://www.nissan.co.kr/news_and_events/2002_news_b1.html,pending_review,0.52,true
닛산,맥시마,1,공식 라인업,Official lineup,,,2015,,2020,,2015,2020,2015~2020,false,false,KR,Nissan Korea official withdrawal notice,https://www.nissan.co.kr/news_and_events/2002_news_b1.html,pending_review,0.52,true
닛산,로그,1,공식 라인업,Official lineup,,,2015,,2020,,2015,2020,2015~2020,false,false,KR,Nissan Korea official withdrawal notice,https://www.nissan.co.kr/news_and_events/2002_news_b1.html,pending_review,0.52,true
닛산,리프,1,공식 라인업,Official lineup,,,2019,,2020,,2019,2020,2019~2020,false,false,KR,Nissan Korea official Leaf launch and withdrawal notices,https://www.nissan.co.kr/experience-nissan-im/news_and_events/190318.html,pending_review,0.60,true
닛산,아리야,1,공식 라인업,Official lineup,,,2026,,,,2026,2026,국내 공식 판매 미확인,false,false,KR,Nissan Korea official withdrawal notice; Ariya Korea sales unconfirmed,https://www.nissan.co.kr/news_and_events/2002_news_b1.html,pending_review,0.34,false
테슬라,Model 3,1,공식 라인업,Official lineup,,,2015,,,,2015,2026,2015~현재,true,false,KR,Tesla Korea official Model 3 page,https://www.tesla.com/ko_kr/model3,pending_review,0.64
테슬라,Model Y,1,공식 라인업,Official lineup,,,2015,,,,2015,2026,2015~현재,true,false,KR,Tesla Korea official Model Y page,https://www.tesla.com/ko_kr/modely,pending_review,0.64
테슬라,Model S,1,공식 라인업,Official lineup,,,2015,,,,2015,2026,2015~현재,true,false,KR,Tesla Korea official Model S page,https://www.tesla.com/ko_kr/models,pending_review,0.60
테슬라,Model X,1,공식 라인업,Official lineup,,,2015,,,,2015,2026,2015~현재,true,false,KR,Tesla Korea official Model X page,https://www.tesla.com/ko_kr/modelx,pending_review,0.60
테슬라,Cybertruck,1,공식 라인업,Official lineup,,,2026,,,,2026,2026,2026~현재,true,false,KR,Tesla Korea official Cybertruck page,https://www.tesla.com/ko_kr/cybertruck,pending_review,0.62
포르쉐,911,1,공식 라인업,Official lineup,,,2015,,,,2015,2026,2015~현재,true,false,KR,Porsche Korea official model overview,https://www.porsche.com/korea/ko/models/,pending_review,0.56
포르쉐,박스터,1,공식 라인업,Official lineup,,,2015,,,,2015,2026,2015~현재,true,false,KR,Porsche Korea official model overview,https://www.porsche.com/korea/ko/models/,pending_review,0.54
포르쉐,카이맨,1,공식 라인업,Official lineup,,,2015,,,,2015,2026,2015~현재,true,false,KR,Porsche Korea official model overview,https://www.porsche.com/korea/ko/models/,pending_review,0.54
포르쉐,파나메라,1,공식 라인업,Official lineup,,,2015,,,,2015,2026,2015~현재,true,false,KR,Porsche Korea official Panamera page,https://www.porsche.com/korea/ko/models/panamera/,pending_review,0.56
포르쉐,마칸,1,공식 라인업,Official lineup,,,2015,,,,2015,2026,2015~현재,true,false,KR,Porsche Korea official model overview,https://www.porsche.com/korea/ko/models/,pending_review,0.56
포르쉐,카이엔,1,공식 라인업,Official lineup,,,2015,,,,2015,2026,2015~현재,true,false,KR,Porsche Korea official Cayenne page,https://www.porsche.com/korea/ko/models/Cayenne/,pending_review,0.56
포르쉐,타이칸,1,공식 라인업,Official lineup,,,2015,,,,2015,2026,2015~현재,true,false,KR,Porsche Korea official Taycan page,https://www.porsche.com/korea/ko/models/taycan/,pending_review,0.56
MINI,해치,1,공식 라인업,Official lineup,,,2015,,,,2015,2026,2015~현재,true,false,KR,MINI Korea official model range,https://www.mini.co.kr/ko_KR/home.html,pending_review,0.56
MINI,컨트리맨,1,공식 라인업,Official lineup,,,2015,,,,2015,2026,2015~현재,true,false,KR,MINI Korea official model range,https://www.mini.co.kr/ko_KR/home.html,pending_review,0.56
MINI,클럽맨,1,공식 라인업,Official lineup,,,2015,,,,2015,2026,2015~현재,true,false,KR,MINI Korea official model range/archive,https://www.mini.co.kr/ko_KR/home/faqs.html,pending_review,0.52
MINI,쿠퍼 SE,1,공식 라인업,Official lineup,,,2015,,,,2015,2026,2015~현재,true,false,KR,MINI Korea official model range,https://www.mini.co.kr/ko_KR/home.html,pending_review,0.56
MINI,컨버터블,1,공식 라인업,Official lineup,,,2015,,,,2015,2026,2015~현재,true,false,KR,MINI Korea official model range,https://www.mini.co.kr/ko_KR/home.html,pending_review,0.56
푸조,208,1,공식 라인업,Official lineup,,,2015,,,,2015,2026,2015~현재,true,false,KR,Peugeot Korea official model lineup,https://www.epeugeot.co.kr/,pending_review,0.52
푸조,308,1,공식 라인업,Official lineup,,,2015,,,,2015,2026,2015~현재,true,false,KR,Peugeot Korea official SMART HYBRID model lineup,https://www.epeugeot.co.kr/car-selector/peugeot-range.html,pending_review,0.56
푸조,2008,1,공식 라인업,Official lineup,,,2015,,,,2015,2026,2015~현재,true,false,KR,Peugeot Korea official model lineup,https://www.epeugeot.co.kr/,pending_review,0.52
푸조,3008,1,공식 라인업,Official lineup,,,2015,,,,2015,2026,2015~현재,true,false,KR,Peugeot Korea official SMART HYBRID model lineup,https://www.epeugeot.co.kr/car-selector/peugeot-range.html,pending_review,0.56
푸조,5008,1,공식 라인업,Official lineup,,,2015,,,,2015,2026,2015~현재,true,false,KR,Peugeot Korea official SMART HYBRID model lineup,https://www.epeugeot.co.kr/car-selector/peugeot-range.html,pending_review,0.56
지프,레니게이드,1,공식 라인업,Official lineup,,,2015,,,,2015,2026,2015~현재,true,false,KR,Jeep Korea official promotion/archive pages,https://www.jeep.co.kr/promotion.html,pending_review,0.50
지프,컴패스,1,공식 라인업,Official lineup,,,2015,,,,2015,2026,2015~현재,true,false,KR,Jeep Korea official Compass page,https://www.jeep.co.kr/compass.html,pending_review,0.54
지프,체로키,1,공식 라인업,Official lineup,,,2015,,,,2015,2026,2015~현재,true,false,KR,Jeep Korea official promotion/archive pages,https://www.jeep.co.kr/promotion.html,pending_review,0.50
지프,랭글러,1,공식 라인업,Official lineup,,,2015,,,,2015,2026,2015~현재,true,false,KR,Jeep Korea official model lineup,https://www.jeep.co.kr/,pending_review,0.56
지프,그랜드 체로키,1,공식 라인업,Official lineup,,,2015,,,,2015,2026,2015~현재,true,false,KR,Jeep Korea official model lineup,https://www.jeep.co.kr/,pending_review,0.56
랜드로버,디펜더,1,공식 라인업,Official lineup,,,2015,,,,2015,2026,2015~현재,true,false,KR,Land Rover Korea official model pages,https://www.landroverkorea.co.kr/defender/index.html,pending_review,0.56
랜드로버,디스커버리,1,공식 라인업,Official lineup,,,2015,,,,2015,2026,2015~현재,true,false,KR,Land Rover Korea official model pages,https://www.landroverkorea.co.kr/discovery/discovery/index.html,pending_review,0.56
랜드로버,레인지로버,1,공식 라인업,Official lineup,,,2015,,,,2015,2026,2015~현재,true,false,KR,Range Rover Korea official model page,https://www.rangerover.com/ko-kr/index.html,pending_review,0.56
랜드로버,레인지로버 스포츠,1,공식 라인업,Official lineup,,,2015,,,,2015,2026,2015~현재,true,false,KR,Range Rover Korea official model page,https://www.rangerover.com/ko-kr/range-rover-sport/index.html,pending_review,0.56
랜드로버,레인지로버 이보크,1,공식 라인업,Official lineup,,,2015,,,,2015,2026,2015~현재,true,false,KR,Range Rover Korea official Evoque page,https://www.landroverkorea.co.kr/range-rover/range-rover-evoque/index.html,pending_review,0.56
폴스타,Polestar 2,1,공식 라인업,Official lineup,,,2015,,,,2015,2026,2015~현재,true,false,KR,Polestar Korea official model pages,https://www.polestar.com/kr/,pending_review,0.56
폴스타,Polestar 3,1,공식 라인업,Official lineup,,,2015,,,,2015,2026,2015~현재,true,false,KR,Polestar Korea official Polestar 3 page,https://www.polestar.com/kr/polestar-3/,pending_review,0.56
폴스타,Polestar 4,1,공식 라인업,Official lineup,,,2015,,,,2015,2026,2015~현재,true,false,KR,Polestar Korea official Polestar 4 page,https://www.polestar.com/kr/polestar-4-models/polestar-4-coupe/,pending_review,0.56
폴스타,Polestar 5,1,공식 라인업,Official lineup,,,2026,,,,2026,2026,2026년 국내 출시 예정,false,true,KR,Polestar Korea official Polestar 5 page,https://www.polestar.com/kr/polestar-5/,pending_review,0.60
토요타,알파드,1,공식 라인업,Official lineup,,,2026,,,,2026,2026,2026~현재,true,false,KR,Toyota Korea official Alphard page,https://www.toyota.co.kr/models/alphard/,pending_review,0.68
렉서스,LM,1,공식 라인업,Official lineup,,,2025,,,,2025,2026,2025~현재,true,false,KR,Lexus Korea official LM 500h page,https://www.lexus.co.kr/models/LM-500h/,pending_review,0.60
렉서스,LX,1,공식 라인업,Official lineup,,,2026,,,,2026,2026,2026~현재,true,false,KR,Lexus Korea official LX model page and model JSON,https://www.lexus.co.kr/models/LX/,pending_review,0.68
MINI,에이스맨,1,공식 라인업,Official lineup,,,2026,,,,2026,2026,2026~현재,true,false,KR,MINI Korea official Aceman page,https://www.mini.co.kr/ko_KR/home/range/all-electric-mini-aceman.html,pending_review,0.66
푸조,408,1,공식 라인업,Official lineup,,,2023,,,,2023,2026,2023~현재,true,false,KR,Peugeot Korea official SMART HYBRID model lineup,https://www.epeugeot.co.kr/car-selector/peugeot-range.html,pending_review,0.62
지프,글래디에이터,1,공식 라인업,Official lineup,,,2025,,,,2025,2026,2025~현재,true,false,KR,Jeep Korea official Gladiator page,https://www.jeep.co.kr/gladiator.html,pending_review,0.62
지프,그랜드 체로키 L,1,공식 라인업,Official lineup,,,2024,,,,2024,2026,2024~현재,true,false,KR,Jeep Korea official Grand Cherokee L page,https://www.jeep.co.kr/grand-cherokee-l.html,pending_review,0.62
지프,어벤저,1,공식 라인업,Official lineup,,,2024,,,,2024,2026,2024~현재,true,false,KR,Jeep Korea official Avenger model and battery pages,https://www.jeep.co.kr/JL/Avenger.html,pending_review,0.64
랜드로버,디스커버리 스포츠,1,공식 라인업,Official lineup,,,2025,,,,2025,2026,2025~현재,true,false,KR,Land Rover Korea official price chart,https://www.landroverkorea.co.kr/content/dam/lrdx/pdfs/kr/241118%20RR%20Velar%20Price%20Chart.pdf,pending_review,0.62
랜드로버,레인지로버 벨라,1,공식 라인업,Official lineup,,,2025,,,,2025,2026,2025~현재,true,false,KR,Land Rover Korea official price chart,https://www.landroverkorea.co.kr/content/dam/lrdx/pdfs/kr/241118%20RR%20Velar%20Price%20Chart.pdf,pending_review,0.62
